id,sent_id,form,lemma,case,deprel,sentence
0,1,En,ei,"{'Number': 'Sing', 'Person': '1', 'Polarity': 'Neg', 'VerbForm': 'Fin', 'Voice': 'Act'}",aux,En ole elämässäni paljon matkustanut.
1,2,ole,olla,"{'Connegative': 'Yes', 'Mood': 'Ind', 'Tense': 'Pres', 'VerbForm': 'Fin'}",aux,En ole elämässäni paljon matkustanut.
2,3,elämässäni,elämä,"{'Case': 'Ine', 'Number': 'Sing', 'Number[psor]': 'Sing', 'Person[psor]': '1'}",obl,En ole elämässäni paljon matkustanut.
3,4,paljon,paljon,,advmod,En ole elämässäni paljon matkustanut.
4,6,.,.,,punct,En ole elämässäni paljon matkustanut.
5,5,matkustanut,matkustaa,"{'Case': 'Nom', 'Degree': 'Pos', 'Number': 'Sing', 'PartForm': 'Past', 'VerbForm': 'Part', 'Voice': 'Act'}",root,En ole elämässäni paljon matkustanut.
6,1,Kun,kun,,mark,"Kun olin lapsi, oli ainut mahdollisuus matkustaa itään suuntaan ja paitsi vanhempani tapasivat toisiinsa kaukana Siperiassa, en ole itse onnistunut käymän siellä eikä muuallakin entisessä Neuvostoliitossa."
7,2,olin,olla,"{'Mood': 'Ind', 'Number': 'Sing', 'Person': '1', 'Tense': 'Past', 'VerbForm': 'Fin', 'Voice': 'Act'}",cop,"Kun olin lapsi, oli ainut mahdollisuus matkustaa itään suuntaan ja paitsi vanhempani tapasivat toisiinsa kaukana Siperiassa, en ole itse onnistunut käymän siellä eikä muuallakin entisessä Neuvostoliitossa."
8,4,",",",",,punct,"Kun olin lapsi, oli ainut mahdollisuus matkustaa itään suuntaan ja paitsi vanhempani tapasivat toisiinsa kaukana Siperiassa, en ole itse onnistunut käymän siellä eikä muuallakin entisessä Neuvostoliitossa."
9,3,lapsi,lapsi,"{'Case': 'Nom', 'Number': 'Sing'}",advcl,"Kun olin lapsi, oli ainut mahdollisuus matkustaa itään suuntaan ja paitsi vanhempani tapasivat toisiinsa kaukana Siperiassa, en ole itse onnistunut käymän siellä eikä muuallakin entisessä Neuvostoliitossa."
10,11,ja,ja,,cc,"Kun olin lapsi, oli ainut mahdollisuus matkustaa itään suuntaan ja paitsi vanhempani tapasivat toisiinsa kaukana Siperiassa, en ole itse onnistunut käymän siellä eikä muuallakin entisessä Neuvostoliitossa."
11,14,tapasivat,tavata,"{'Mood': 'Ind', 'Number': 'Plur', 'Person': '3', 'Tense': 'Past', 'VerbForm': 'Fin', 'Voice': 'Act'}",conj,"Kun olin lapsi, oli ainut mahdollisuus matkustaa itään suuntaan ja paitsi vanhempani tapasivat toisiinsa kaukana Siperiassa, en ole itse onnistunut käymän siellä eikä muuallakin entisessä Neuvostoliitossa."
12,18,",",",",,punct,"Kun olin lapsi, oli ainut mahdollisuus matkustaa itään suuntaan ja paitsi vanhempani tapasivat toisiinsa kaukana Siperiassa, en ole itse onnistunut käymän siellä eikä muuallakin entisessä Neuvostoliitossa."
13,19,en,ei,"{'Number': 'Sing', 'Person': '1', 'Polarity': 'Neg', 'VerbForm': 'Fin', 'Voice': 'Act'}",aux,"Kun olin lapsi, oli ainut mahdollisuus matkustaa itään suuntaan ja paitsi vanhempani tapasivat toisiinsa kaukana Siperiassa, en ole itse onnistunut käymän siellä eikä muuallakin entisessä Neuvostoliitossa."
14,20,ole,olla,"{'Connegative': 'Yes', 'Mood': 'Ind', 'Tense': 'Pres', 'VerbForm': 'Fin'}",aux,"Kun olin lapsi, oli ainut mahdollisuus matkustaa itään suuntaan ja paitsi vanhempani tapasivat toisiinsa kaukana Siperiassa, en ole itse onnistunut käymän siellä eikä muuallakin entisessä Neuvostoliitossa."
15,21,itse,itse,,advmod,"Kun olin lapsi, oli ainut mahdollisuus matkustaa itään suuntaan ja paitsi vanhempani tapasivat toisiinsa kaukana Siperiassa, en ole itse onnistunut käymän siellä eikä muuallakin entisessä Neuvostoliitossa."
16,23,käymän,käydä,"{'Case': 'Gen', 'Degree': 'Pos', 'Number': 'Sing', 'PartForm': 'Agt', 'VerbForm': 'Part', 'Voice': 'Act'}",xcomp,"Kun olin lapsi, oli ainut mahdollisuus matkustaa itään suuntaan ja paitsi vanhempani tapasivat toisiinsa kaukana Siperiassa, en ole itse onnistunut käymän siellä eikä muuallakin entisessä Neuvostoliitossa."
17,29,.,.,,punct,"Kun olin lapsi, oli ainut mahdollisuus matkustaa itään suuntaan ja paitsi vanhempani tapasivat toisiinsa kaukana Siperiassa, en ole itse onnistunut käymän siellä eikä muuallakin entisessä Neuvostoliitossa."
18,5,oli,olla,"{'Mood': 'Ind', 'Number': 'Sing', 'Person': '3', 'Tense': 'Past', 'VerbForm': 'Fin', 'Voice': 'Act'}",cop,"Kun olin lapsi, oli ainut mahdollisuus matkustaa itään suuntaan ja paitsi vanhempani tapasivat toisiinsa kaukana Siperiassa, en ole itse onnistunut käymän siellä eikä muuallakin entisessä Neuvostoliitossa."
19,6,ainut,ainut,"{'Case': 'Nom', 'Number': 'Sing', 'PronType': 'Ind'}",det,"Kun olin lapsi, oli ainut mahdollisuus matkustaa itään suuntaan ja paitsi vanhempani tapasivat toisiinsa kaukana Siperiassa, en ole itse onnistunut käymän siellä eikä muuallakin entisessä Neuvostoliitossa."
20,8,matkustaa,matkustaa,"{'InfForm': '1', 'Number': 'Sing', 'VerbForm': 'Inf', 'Voice': 'Act'}",acl,"Kun olin lapsi, oli ainut mahdollisuus matkustaa itään suuntaan ja paitsi vanhempani tapasivat toisiinsa kaukana Siperiassa, en ole itse onnistunut käymän siellä eikä muuallakin entisessä Neuvostoliitossa."
21,22,onnistunut,onnistua,"{'Case': 'Nom', 'Degree': 'Pos', 'Number': 'Sing', 'PartForm': 'Past', 'VerbForm': 'Part', 'Voice': 'Act'}",parataxis,"Kun olin lapsi, oli ainut mahdollisuus matkustaa itään suuntaan ja paitsi vanhempani tapasivat toisiinsa kaukana Siperiassa, en ole itse onnistunut käymän siellä eikä muuallakin entisessä Neuvostoliitossa."
22,7,mahdollisuus,mahdollisuus,"{'Case': 'Nom', 'Derivation': 'Llinen,Vs', 'Number': 'Sing'}",root,"Kun olin lapsi, oli ainut mahdollisuus matkustaa itään suuntaan ja paitsi vanhempani tapasivat toisiinsa kaukana Siperiassa, en ole itse onnistunut käymän siellä eikä muuallakin entisessä Neuvostoliitossa."
23,9,itään,itä,"{'Case': 'Ill', 'Number': 'Sing'}",obl,"Kun olin lapsi, oli ainut mahdollisuus matkustaa itään suuntaan ja paitsi vanhempani tapasivat toisiinsa kaukana Siperiassa, en ole itse onnistunut käymän siellä eikä muuallakin entisessä Neuvostoliitossa."
24,10,suuntaan,suunta,"{'Case': 'Ill', 'Number': 'Sing'}",obl,"Kun olin lapsi, oli ainut mahdollisuus matkustaa itään suuntaan ja paitsi vanhempani tapasivat toisiinsa kaukana Siperiassa, en ole itse onnistunut käymän siellä eikä muuallakin entisessä Neuvostoliitossa."
25,12,paitsi,paitsi,,advmod,"Kun olin lapsi, oli ainut mahdollisuus matkustaa itään suuntaan ja paitsi vanhempani tapasivat toisiinsa kaukana Siperiassa, en ole itse onnistunut käymän siellä eikä muuallakin entisessä Neuvostoliitossa."
26,13,vanhempani,vanhempi,"{'Case': 'Nom', 'Number': 'Plur', 'Number[psor]': 'Sing', 'Person[psor]': '1'}",nsubj,"Kun olin lapsi, oli ainut mahdollisuus matkustaa itään suuntaan ja paitsi vanhempani tapasivat toisiinsa kaukana Siperiassa, en ole itse onnistunut käymän siellä eikä muuallakin entisessä Neuvostoliitossa."
27,15,toisiinsa,toinen,"{'Case': 'Ill', 'Number': 'Plur', 'Person[psor]': '3', 'PronType': 'Rcp'}",obl,"Kun olin lapsi, oli ainut mahdollisuus matkustaa itään suuntaan ja paitsi vanhempani tapasivat toisiinsa kaukana Siperiassa, en ole itse onnistunut käymän siellä eikä muuallakin entisessä Neuvostoliitossa."
28,17,Siperiassa,Siperia,"{'Case': 'Ine', 'Number': 'Sing'}",obl,"Kun olin lapsi, oli ainut mahdollisuus matkustaa itään suuntaan ja paitsi vanhempani tapasivat toisiinsa kaukana Siperiassa, en ole itse onnistunut käymän siellä eikä muuallakin entisessä Neuvostoliitossa."
29,16,kaukana,kaukana,,advmod,"Kun olin lapsi, oli ainut mahdollisuus matkustaa itään suuntaan ja paitsi vanhempani tapasivat toisiinsa kaukana Siperiassa, en ole itse onnistunut käymän siellä eikä muuallakin entisessä Neuvostoliitossa."
30,24,siellä,siellä,,advmod,"Kun olin lapsi, oli ainut mahdollisuus matkustaa itään suuntaan ja paitsi vanhempani tapasivat toisiinsa kaukana Siperiassa, en ole itse onnistunut käymän siellä eikä muuallakin entisessä Neuvostoliitossa."
31,25,eikä,ei,"{'Clitic': 'Ka', 'Number': 'Sing', 'Person': '3', 'Polarity': 'Neg', 'VerbForm': 'Fin', 'Voice': 'Act'}",cc,"Kun olin lapsi, oli ainut mahdollisuus matkustaa itään suuntaan ja paitsi vanhempani tapasivat toisiinsa kaukana Siperiassa, en ole itse onnistunut käymän siellä eikä muuallakin entisessä Neuvostoliitossa."
32,26,muuallakin,muua,"{'Case': 'Ade', 'Number': 'Sing', 'PronType': 'Ind'}",det,"Kun olin lapsi, oli ainut mahdollisuus matkustaa itään suuntaan ja paitsi vanhempani tapasivat toisiinsa kaukana Siperiassa, en ole itse onnistunut käymän siellä eikä muuallakin entisessä Neuvostoliitossa."
33,27,entisessä,entinen,"{'Case': 'Ine', 'Degree': 'Pos', 'Derivation': 'Inen', 'Number': 'Sing'}",amod,"Kun olin lapsi, oli ainut mahdollisuus matkustaa itään suuntaan ja paitsi vanhempani tapasivat toisiinsa kaukana Siperiassa, en ole itse onnistunut käymän siellä eikä muuallakin entisessä Neuvostoliitossa."
34,28,Neuvostoliitossa,neuvosto#liitto,"{'Case': 'Ine', 'Number': 'Sing'}",conj,"Kun olin lapsi, oli ainut mahdollisuus matkustaa itään suuntaan ja paitsi vanhempani tapasivat toisiinsa kaukana Siperiassa, en ole itse onnistunut käymän siellä eikä muuallakin entisessä Neuvostoliitossa."
35,1,Ensimmäinen,ensimmäinen,"{'Case': 'Nom', 'Derivation': 'Inen', 'Number': 'Sing', 'NumType': 'Ord'}",nummod,Ensimmäinen ulkomaa-matkani oli tietysti Suomeen ja pidin siitä kovasti.
36,2,ulkomaa-matkani,ulko#maa#matka,"{'Case': 'Nom', 'Number': 'Sing', 'Number[psor]': 'Sing', 'Person[psor]': '1'}",nsubj,Ensimmäinen ulkomaa-matkani oli tietysti Suomeen ja pidin siitä kovasti.
37,5,Suomeen,Suomi,"{'Case': 'Ill', 'Number': 'Sing'}",obl,Ensimmäinen ulkomaa-matkani oli tietysti Suomeen ja pidin siitä kovasti.
38,7,pidin,pitää,"{'Mood': 'Ind', 'Number': 'Sing', 'Person': '1', 'Tense': 'Past', 'VerbForm': 'Fin', 'Voice': 'Act'}",conj,Ensimmäinen ulkomaa-matkani oli tietysti Suomeen ja pidin siitä kovasti.
39,10,.,.,,punct,Ensimmäinen ulkomaa-matkani oli tietysti Suomeen ja pidin siitä kovasti.
40,3,oli,olla,"{'Mood': 'Ind', 'Number': 'Sing', 'Person': '3', 'Tense': 'Past', 'VerbForm': 'Fin', 'Voice': 'Act'}",root,Ensimmäinen ulkomaa-matkani oli tietysti Suomeen ja pidin siitä kovasti.
41,4,tietysti,tietysti,{'Derivation': 'Sti'},advmod,Ensimmäinen ulkomaa-matkani oli tietysti Suomeen ja pidin siitä kovasti.
42,6,ja,ja,,cc,Ensimmäinen ulkomaa-matkani oli tietysti Suomeen ja pidin siitä kovasti.
43,8,siitä,se,"{'Case': 'Ela', 'Number': 'Sing', 'PronType': 'Dem'}",obl,Ensimmäinen ulkomaa-matkani oli tietysti Suomeen ja pidin siitä kovasti.
44,9,kovasti,kovasti,{'Derivation': 'Sti'},advmod,Ensimmäinen ulkomaa-matkani oli tietysti Suomeen ja pidin siitä kovasti.
45,1,Tuolloin,tuolloin,,advmod,Tuolloin oli laivalippu vielä hyvin kallista ja sen lisäksi tuli hankkia viisumi.
46,2,oli,olla,"{'Mood': 'Ind', 'Number': 'Sing', 'Person': '3', 'Tense': 'Past', 'VerbForm': 'Fin', 'Voice': 'Act'}",cop,Tuolloin oli laivalippu vielä hyvin kallista ja sen lisäksi tuli hankkia viisumi.
47,3,laivalippu,laiva#lippu,"{'Case': 'Nom', 'Number': 'Sing'}",nsubj:cop,Tuolloin oli laivalippu vielä hyvin kallista ja sen lisäksi tuli hankkia viisumi.
48,4,vielä,vielä,,advmod,Tuolloin oli laivalippu vielä hyvin kallista ja sen lisäksi tuli hankkia viisumi.
49,5,hyvin,hyvin,,advmod,Tuolloin oli laivalippu vielä hyvin kallista ja sen lisäksi tuli hankkia viisumi.
50,10,tuli,tulla,"{'Mood': 'Ind', 'Number': 'Sing', 'Person': '3', 'Tense': 'Past', 'VerbForm': 'Fin', 'Voice': 'Act'}",conj,Tuolloin oli laivalippu vielä hyvin kallista ja sen lisäksi tuli hankkia viisumi.
51,13,.,.,,punct,Tuolloin oli laivalippu vielä hyvin kallista ja sen lisäksi tuli hankkia viisumi.
52,6,kallista,kallis,"{'Case': 'Par', 'Degree': 'Pos', 'Number': 'Sing'}",root,Tuolloin oli laivalippu vielä hyvin kallista ja sen lisäksi tuli hankkia viisumi.
53,7,ja,ja,,cc,Tuolloin oli laivalippu vielä hyvin kallista ja sen lisäksi tuli hankkia viisumi.
54,8,sen,se,"{'Case': 'Gen', 'Number': 'Sing', 'PronType': 'Dem'}",obl,Tuolloin oli laivalippu vielä hyvin kallista ja sen lisäksi tuli hankkia viisumi.
55,11,hankkia,hankkia,"{'InfForm': '1', 'Number': 'Sing', 'VerbForm': 'Inf', 'Voice': 'Act'}",xcomp,Tuolloin oli laivalippu vielä hyvin kallista ja sen lisäksi tuli hankkia viisumi.
56,9,lisäksi,lisäksi,{'AdpType': 'Post'},case,Tuolloin oli laivalippu vielä hyvin kallista ja sen lisäksi tuli hankkia viisumi.
57,12,viisumi,viisumi,"{'Case': 'Nom', 'Number': 'Sing'}",obj,Tuolloin oli laivalippu vielä hyvin kallista ja sen lisäksi tuli hankkia viisumi.
58,1,Siitä,se,"{'Case': 'Ela', 'Number': 'Sing', 'PronType': 'Dem'}",obl,Siitä huolimatta olin onnekas kuin pikkulapsi saatuaan halutun lelun.
59,3,olin,olla,"{'Mood': 'Ind', 'Number': 'Sing', 'Person': '1', 'Tense': 'Past', 'VerbForm': 'Fin', 'Voice': 'Act'}",cop,Siitä huolimatta olin onnekas kuin pikkulapsi saatuaan halutun lelun.
60,6,pikkulapsi,pikku#lapsi,"{'Case': 'Nom', 'Number': 'Sing'}",advcl,Siitä huolimatta olin onnekas kuin pikkulapsi saatuaan halutun lelun.
61,7,saatuaan,saada,"{'Case': 'Par', 'Degree': 'Pos', 'Number': 'Sing', 'PartForm': 'Past', 'Person[psor]': '3', 'VerbForm': 'Part', 'Voice': 'Pass'}",advcl,Siitä huolimatta olin onnekas kuin pikkulapsi saatuaan halutun lelun.
62,10,.,.,,punct,Siitä huolimatta olin onnekas kuin pikkulapsi saatuaan halutun lelun.
63,2,huolimatta,huolimatta,{'AdpType': 'Post'},case,Siitä huolimatta olin onnekas kuin pikkulapsi saatuaan halutun lelun.
64,4,onnekas,onnekas,"{'Case': 'Nom', 'Degree': 'Pos', 'Number': 'Sing'}",root,Siitä huolimatta olin onnekas kuin pikkulapsi saatuaan halutun lelun.
65,5,kuin,kuin,,mark,Siitä huolimatta olin onnekas kuin pikkulapsi saatuaan halutun lelun.
66,8,halutun,haluta,"{'Case': 'Gen', 'Degree': 'Pos', 'Number': 'Sing', 'PartForm': 'Past', 'VerbForm': 'Part', 'Voice': 'Pass'}",acl,Siitä huolimatta olin onnekas kuin pikkulapsi saatuaan halutun lelun.
67,9,lelun,lelu,"{'Case': 'Gen', 'Derivation': 'U', 'Number': 'Sing'}",obj,Siitä huolimatta olin onnekas kuin pikkulapsi saatuaan halutun lelun.
68,1,Jos,jos,,mark,"Jos nyt kysytään, mitä hyviä puolia matkailussa on, vastaukseni on, että matkailu – varsinkin ulkomaa-matkailu – on minulle paras keino mahdollistaa itselleni ns."
69,2,nyt,nyt,,advmod,"Jos nyt kysytään, mitä hyviä puolia matkailussa on, vastaukseni on, että matkailu – varsinkin ulkomaa-matkailu – on minulle paras keino mahdollistaa itselleni ns."
70,8,matkailussa,matkailu,"{'Case': 'Ine', 'Derivation': 'U', 'Number': 'Sing'}",ccomp,"Jos nyt kysytään, mitä hyviä puolia matkailussa on, vastaukseni on, että matkailu – varsinkin ulkomaa-matkailu – on minulle paras keino mahdollistaa itselleni ns."
71,10,",",",",,punct,"Jos nyt kysytään, mitä hyviä puolia matkailussa on, vastaukseni on, että matkailu – varsinkin ulkomaa-matkailu – on minulle paras keino mahdollistaa itselleni ns."
72,3,kysytään,kysyä,"{'Mood': 'Ind', 'Tense': 'Pres', 'VerbForm': 'Fin', 'Voice': 'Pass'}",advcl,"Jos nyt kysytään, mitä hyviä puolia matkailussa on, vastaukseni on, että matkailu – varsinkin ulkomaa-matkailu – on minulle paras keino mahdollistaa itselleni ns."
73,11,vastaukseni,vastaus,"{'Case': 'Nom', 'Number': 'Sing', 'Number[psor]': 'Sing', 'Person[psor]': '1'}",nsubj:cop,"Jos nyt kysytään, mitä hyviä puolia matkailussa on, vastaukseni on, että matkailu – varsinkin ulkomaa-matkailu – on minulle paras keino mahdollistaa itselleni ns."
74,12,on,olla,"{'Mood': 'Ind', 'Number': 'Sing', 'Person': '3', 'Tense': 'Pres', 'VerbForm': 'Fin', 'Voice': 'Act'}",cop,"Jos nyt kysytään, mitä hyviä puolia matkailussa on, vastaukseni on, että matkailu – varsinkin ulkomaa-matkailu – on minulle paras keino mahdollistaa itselleni ns."
75,13,",",",",,punct,"Jos nyt kysytään, mitä hyviä puolia matkailussa on, vastaukseni on, että matkailu – varsinkin ulkomaa-matkailu – on minulle paras keino mahdollistaa itselleni ns."
76,14,että,että,,mark,"Jos nyt kysytään, mitä hyviä puolia matkailussa on, vastaukseni on, että matkailu – varsinkin ulkomaa-matkailu – on minulle paras keino mahdollistaa itselleni ns."
77,15,matkailu,matkailu,"{'Case': 'Nom', 'Derivation': 'U', 'Number': 'Sing'}",nsubj:cop,"Jos nyt kysytään, mitä hyviä puolia matkailussa on, vastaukseni on, että matkailu – varsinkin ulkomaa-matkailu – on minulle paras keino mahdollistaa itselleni ns."
78,20,on,olla,"{'Mood': 'Ind', 'Number': 'Sing', 'Person': '3', 'Tense': 'Pres', 'VerbForm': 'Fin', 'Voice': 'Act'}",cop,"Jos nyt kysytään, mitä hyviä puolia matkailussa on, vastaukseni on, että matkailu – varsinkin ulkomaa-matkailu – on minulle paras keino mahdollistaa itselleni ns."
79,22,paras,hyvä,"{'Case': 'Nom', 'Degree': 'Sup', 'Number': 'Sing'}",amod,"Jos nyt kysytään, mitä hyviä puolia matkailussa on, vastaukseni on, että matkailu – varsinkin ulkomaa-matkailu – on minulle paras keino mahdollistaa itselleni ns."
80,24,mahdollistaa,mahdollistaa,"{'InfForm': '1', 'Number': 'Sing', 'VerbForm': 'Inf', 'Voice': 'Act'}",acl,"Jos nyt kysytään, mitä hyviä puolia matkailussa on, vastaukseni on, että matkailu – varsinkin ulkomaa-matkailu – on minulle paras keino mahdollistaa itselleni ns."
81,4,",",",",,punct,"Jos nyt kysytään, mitä hyviä puolia matkailussa on, vastaukseni on, että matkailu – varsinkin ulkomaa-matkailu – on minulle paras keino mahdollistaa itselleni ns."
82,7,puolia,puoli,"{'Case': 'Par', 'Number': 'Plur'}",nsubj:cop,"Jos nyt kysytään, mitä hyviä puolia matkailussa on, vastaukseni on, että matkailu – varsinkin ulkomaa-matkailu – on minulle paras keino mahdollistaa itselleni ns."
83,9,on,olla,"{'Mood': 'Ind', 'Number': 'Sing', 'Person': '3', 'Tense': 'Pres', 'VerbForm': 'Fin', 'Voice': 'Act'}",cop,"Jos nyt kysytään, mitä hyviä puolia matkailussa on, vastaukseni on, että matkailu – varsinkin ulkomaa-matkailu – on minulle paras keino mahdollistaa itselleni ns."
84,5,mitä,mikä,"{'Case': 'Par', 'Number': 'Sing', 'PronType': 'Int'}",det,"Jos nyt kysytään, mitä hyviä puolia matkailussa on, vastaukseni on, että matkailu – varsinkin ulkomaa-matkailu – on minulle paras keino mahdollistaa itselleni ns."
85,6,hyviä,hyvä,"{'Case': 'Par', 'Degree': 'Pos', 'Number': 'Plur'}",amod,"Jos nyt kysytään, mitä hyviä puolia matkailussa on, vastaukseni on, että matkailu – varsinkin ulkomaa-matkailu – on minulle paras keino mahdollistaa itselleni ns."
86,16,–,–,,punct,"Jos nyt kysytään, mitä hyviä puolia matkailussa on, vastaukseni on, että matkailu – varsinkin ulkomaa-matkailu – on minulle paras keino mahdollistaa itselleni ns."
87,17,varsinkin,varsinkin,,advmod,"Jos nyt kysytään, mitä hyviä puolia matkailussa on, vastaukseni on, että matkailu – varsinkin ulkomaa-matkailu – on minulle paras keino mahdollistaa itselleni ns."
88,19,–,–,,punct,"Jos nyt kysytään, mitä hyviä puolia matkailussa on, vastaukseni on, että matkailu – varsinkin ulkomaa-matkailu – on minulle paras keino mahdollistaa itselleni ns."
89,18,ulkomaa-matkailu,ulko#maa#matkailu,"{'Case': 'Nom', 'Derivation': 'U', 'Number': 'Sing'}",appos,"Jos nyt kysytään, mitä hyviä puolia matkailussa on, vastaukseni on, että matkailu – varsinkin ulkomaa-matkailu – on minulle paras keino mahdollistaa itselleni ns."
90,21,minulle,minä,"{'Case': 'All', 'Number': 'Sing', 'Person': '1', 'PronType': 'Prs'}",nmod,"Jos nyt kysytään, mitä hyviä puolia matkailussa on, vastaukseni on, että matkailu – varsinkin ulkomaa-matkailu – on minulle paras keino mahdollistaa itselleni ns."
91,23,keino,keino,"{'Case': 'Nom', 'Number': 'Sing'}",root,"Jos nyt kysytään, mitä hyviä puolia matkailussa on, vastaukseni on, että matkailu – varsinkin ulkomaa-matkailu – on minulle paras keino mahdollistaa itselleni ns."
92,25,itselleni,itse,"{'Case': 'All', 'Number': 'Sing', 'Number[psor]': 'Sing', 'Person[psor]': '1', 'Reflex': 'Yes'}",obl,"Jos nyt kysytään, mitä hyviä puolia matkailussa on, vastaukseni on, että matkailu – varsinkin ulkomaa-matkailu – on minulle paras keino mahdollistaa itselleni ns."
93,26,ns.,ns.,{'Abbr': 'Yes'},advmod,"Jos nyt kysytään, mitä hyviä puolia matkailussa on, vastaukseni on, että matkailu – varsinkin ulkomaa-matkailu – on minulle paras keino mahdollistaa itselleni ns."
94,1,uudelleenkäynnistys,uudelleen#käynnistys,"{'Case': 'Nom', 'Number': 'Sing'}",root,uudelleenkäynnistys.
95,2,.,.,,punct,uudelleenkäynnistys.
96,1,Vaikka,vaikka,,mark,"Vaikka olinkin asunut Kadakan torin äärellä Mustanmäellä ja kokeenut suomalaisten läsnäoloa jokapäiväisesti, sekä katsonut silloin tällöin Suomen televisiota, oli ystävällisessä naapurimaassa viikon verran paikan päällä asuminen jotain ihan erinomaista."
97,2,olinkin,olla,"{'Clitic': 'Kin', 'Mood': 'Ind', 'Number': 'Sing', 'Person': '1', 'Tense': 'Past', 'VerbForm': 'Fin', 'Voice': 'Act'}",aux,"Vaikka olinkin asunut Kadakan torin äärellä Mustanmäellä ja kokeenut suomalaisten läsnäoloa jokapäiväisesti, sekä katsonut silloin tällöin Suomen televisiota, oli ystävällisessä naapurimaassa viikon verran paikan päällä asuminen jotain ihan erinomaista."
98,5,torin,tori,"{'Case': 'Gen', 'Number': 'Sing'}",obl,"Vaikka olinkin asunut Kadakan torin äärellä Mustanmäellä ja kokeenut suomalaisten läsnäoloa jokapäiväisesti, sekä katsonut silloin tällöin Suomen televisiota, oli ystävällisessä naapurimaassa viikon verran paikan päällä asuminen jotain ihan erinomaista."
99,7,Mustanmäellä,Mustamäki,"{'Case': 'Ade', 'Number': 'Sing'}",obl,"Vaikka olinkin asunut Kadakan torin äärellä Mustanmäellä ja kokeenut suomalaisten läsnäoloa jokapäiväisesti, sekä katsonut silloin tällöin Suomen televisiota, oli ystävällisessä naapurimaassa viikon verran paikan päällä asuminen jotain ihan erinomaista."
100,9,kokeenut,koeta,"{'Case': 'Nom', 'Degree': 'Pos', 'Number': 'Sing', 'PartForm': 'Past', 'VerbForm': 'Part', 'Voice': 'Act'}",conj,"Vaikka olinkin asunut Kadakan torin äärellä Mustanmäellä ja kokeenut suomalaisten läsnäoloa jokapäiväisesti, sekä katsonut silloin tällöin Suomen televisiota, oli ystävällisessä naapurimaassa viikon verran paikan päällä asuminen jotain ihan erinomaista."
101,15,katsonut,katsoa,"{'Case': 'Nom', 'Degree': 'Pos', 'Number': 'Sing', 'PartForm': 'Past', 'VerbForm': 'Part', 'Voice': 'Act'}",conj,"Vaikka olinkin asunut Kadakan torin äärellä Mustanmäellä ja kokeenut suomalaisten läsnäoloa jokapäiväisesti, sekä katsonut silloin tällöin Suomen televisiota, oli ystävällisessä naapurimaassa viikon verran paikan päällä asuminen jotain ihan erinomaista."
102,20,",",",",,punct,"Vaikka olinkin asunut Kadakan torin äärellä Mustanmäellä ja kokeenut suomalaisten läsnäoloa jokapäiväisesti, sekä katsonut silloin tällöin Suomen televisiota, oli ystävällisessä naapurimaassa viikon verran paikan päällä asuminen jotain ihan erinomaista."
103,3,asunut,asua,"{'Case': 'Nom', 'Degree': 'Pos', 'Number': 'Sing', 'PartForm': 'Past', 'VerbForm': 'Part', 'Voice': 'Act'}",advcl,"Vaikka olinkin asunut Kadakan torin äärellä Mustanmäellä ja kokeenut suomalaisten läsnäoloa jokapäiväisesti, sekä katsonut silloin tällöin Suomen televisiota, oli ystävällisessä naapurimaassa viikon verran paikan päällä asuminen jotain ihan erinomaista."
104,21,oli,olla,"{'Mood': 'Ind', 'Number': 'Sing', 'Person': '3', 'Tense': 'Past', 'VerbForm': 'Fin', 'Voice': 'Act'}",cop,"Vaikka olinkin asunut Kadakan torin äärellä Mustanmäellä ja kokeenut suomalaisten läsnäoloa jokapäiväisesti, sekä katsonut silloin tällöin Suomen televisiota, oli ystävällisessä naapurimaassa viikon verran paikan päällä asuminen jotain ihan erinomaista."
105,22,ystävällisessä,ystävällinen,"{'Case': 'Ine', 'Degree': 'Pos', 'Derivation': 'Llinen', 'Number': 'Sing'}",amod,"Vaikka olinkin asunut Kadakan torin äärellä Mustanmäellä ja kokeenut suomalaisten läsnäoloa jokapäiväisesti, sekä katsonut silloin tällöin Suomen televisiota, oli ystävällisessä naapurimaassa viikon verran paikan päällä asuminen jotain ihan erinomaista."
106,24,viikon,viikko,"{'Case': 'Gen', 'Number': 'Sing'}",obl,"Vaikka olinkin asunut Kadakan torin äärellä Mustanmäellä ja kokeenut suomalaisten läsnäoloa jokapäiväisesti, sekä katsonut silloin tällöin Suomen televisiota, oli ystävällisessä naapurimaassa viikon verran paikan päällä asuminen jotain ihan erinomaista."
107,26,paikan,paikka,"{'Case': 'Gen', 'Number': 'Sing'}",obl,"Vaikka olinkin asunut Kadakan torin äärellä Mustanmäellä ja kokeenut suomalaisten läsnäoloa jokapäiväisesti, sekä katsonut silloin tällöin Suomen televisiota, oli ystävällisessä naapurimaassa viikon verran paikan päällä asuminen jotain ihan erinomaista."
108,28,asuminen,asuminen,"{'Case': 'Nom', 'Derivation': 'Minen', 'Number': 'Sing'}",nsubj:cop,"Vaikka olinkin asunut Kadakan torin äärellä Mustanmäellä ja kokeenut suomalaisten läsnäoloa jokapäiväisesti, sekä katsonut silloin tällöin Suomen televisiota, oli ystävällisessä naapurimaassa viikon verran paikan päällä asuminen jotain ihan erinomaista."
109,31,erinomaista,erinomainen,"{'Case': 'Par', 'Degree': 'Pos', 'Derivation': 'Inen', 'Number': 'Sing'}",conj,"Vaikka olinkin asunut Kadakan torin äärellä Mustanmäellä ja kokeenut suomalaisten läsnäoloa jokapäiväisesti, sekä katsonut silloin tällöin Suomen televisiota, oli ystävällisessä naapurimaassa viikon verran paikan päällä asuminen jotain ihan erinomaista."
110,32,.,.,,punct,"Vaikka olinkin asunut Kadakan torin äärellä Mustanmäellä ja kokeenut suomalaisten läsnäoloa jokapäiväisesti, sekä katsonut silloin tällöin Suomen televisiota, oli ystävällisessä naapurimaassa viikon verran paikan päällä asuminen jotain ihan erinomaista."
111,4,Kadakan,Kadaka,"{'Case': 'Gen', 'Number': 'Sing'}",nmod:poss,"Vaikka olinkin asunut Kadakan torin äärellä Mustanmäellä ja kokeenut suomalaisten läsnäoloa jokapäiväisesti, sekä katsonut silloin tällöin Suomen televisiota, oli ystävällisessä naapurimaassa viikon verran paikan päällä asuminen jotain ihan erinomaista."
112,6,äärellä,äärellä,{'AdpType': 'Post'},case,"Vaikka olinkin asunut Kadakan torin äärellä Mustanmäellä ja kokeenut suomalaisten läsnäoloa jokapäiväisesti, sekä katsonut silloin tällöin Suomen televisiota, oli ystävällisessä naapurimaassa viikon verran paikan päällä asuminen jotain ihan erinomaista."
113,8,ja,ja,,cc,"Vaikka olinkin asunut Kadakan torin äärellä Mustanmäellä ja kokeenut suomalaisten läsnäoloa jokapäiväisesti, sekä katsonut silloin tällöin Suomen televisiota, oli ystävällisessä naapurimaassa viikon verran paikan päällä asuminen jotain ihan erinomaista."
114,11,läsnäoloa,läsnäolo,"{'Case': 'Par', 'Number': 'Sing'}",obj,"Vaikka olinkin asunut Kadakan torin äärellä Mustanmäellä ja kokeenut suomalaisten läsnäoloa jokapäiväisesti, sekä katsonut silloin tällöin Suomen televisiota, oli ystävällisessä naapurimaassa viikon verran paikan päällä asuminen jotain ihan erinomaista."
115,12,jokapäiväisesti,joka#päiväisesti,{'Derivation': 'Sti'},advmod,"Vaikka olinkin asunut Kadakan torin äärellä Mustanmäellä ja kokeenut suomalaisten läsnäoloa jokapäiväisesti, sekä katsonut silloin tällöin Suomen televisiota, oli ystävällisessä naapurimaassa viikon verran paikan päällä asuminen jotain ihan erinomaista."
116,10,suomalaisten,suomalainen,"{'Case': 'Gen', 'Derivation': 'Lainen', 'Number': 'Plur'}",nmod:poss,"Vaikka olinkin asunut Kadakan torin äärellä Mustanmäellä ja kokeenut suomalaisten läsnäoloa jokapäiväisesti, sekä katsonut silloin tällöin Suomen televisiota, oli ystävällisessä naapurimaassa viikon verran paikan päällä asuminen jotain ihan erinomaista."
117,13,",",",",,punct,"Vaikka olinkin asunut Kadakan torin äärellä Mustanmäellä ja kokeenut suomalaisten läsnäoloa jokapäiväisesti, sekä katsonut silloin tällöin Suomen televisiota, oli ystävällisessä naapurimaassa viikon verran paikan päällä asuminen jotain ihan erinomaista."
118,14,sekä,sekä,,cc,"Vaikka olinkin asunut Kadakan torin äärellä Mustanmäellä ja kokeenut suomalaisten läsnäoloa jokapäiväisesti, sekä katsonut silloin tällöin Suomen televisiota, oli ystävällisessä naapurimaassa viikon verran paikan päällä asuminen jotain ihan erinomaista."
119,16,silloin,silloin,,advmod,"Vaikka olinkin asunut Kadakan torin äärellä Mustanmäellä ja kokeenut suomalaisten läsnäoloa jokapäiväisesti, sekä katsonut silloin tällöin Suomen televisiota, oli ystävällisessä naapurimaassa viikon verran paikan päällä asuminen jotain ihan erinomaista."
120,19,televisiota,televisio,"{'Case': 'Par', 'Number': 'Sing'}",obj,"Vaikka olinkin asunut Kadakan torin äärellä Mustanmäellä ja kokeenut suomalaisten läsnäoloa jokapäiväisesti, sekä katsonut silloin tällöin Suomen televisiota, oli ystävällisessä naapurimaassa viikon verran paikan päällä asuminen jotain ihan erinomaista."
121,17,tällöin,tällöin,,fixed,"Vaikka olinkin asunut Kadakan torin äärellä Mustanmäellä ja kokeenut suomalaisten läsnäoloa jokapäiväisesti, sekä katsonut silloin tällöin Suomen televisiota, oli ystävällisessä naapurimaassa viikon verran paikan päällä asuminen jotain ihan erinomaista."
122,18,Suomen,Suomi,"{'Case': 'Gen', 'Number': 'Sing'}",nmod:poss,"Vaikka olinkin asunut Kadakan torin äärellä Mustanmäellä ja kokeenut suomalaisten läsnäoloa jokapäiväisesti, sekä katsonut silloin tällöin Suomen televisiota, oli ystävällisessä naapurimaassa viikon verran paikan päällä asuminen jotain ihan erinomaista."
123,23,naapurimaassa,naapuri#maa,"{'Case': 'Ine', 'Number': 'Sing'}",root,"Vaikka olinkin asunut Kadakan torin äärellä Mustanmäellä ja kokeenut suomalaisten läsnäoloa jokapäiväisesti, sekä katsonut silloin tällöin Suomen televisiota, oli ystävällisessä naapurimaassa viikon verran paikan päällä asuminen jotain ihan erinomaista."
124,25,verran,verran,,fixed,"Vaikka olinkin asunut Kadakan torin äärellä Mustanmäellä ja kokeenut suomalaisten läsnäoloa jokapäiväisesti, sekä katsonut silloin tällöin Suomen televisiota, oli ystävällisessä naapurimaassa viikon verran paikan päällä asuminen jotain ihan erinomaista."
125,27,päällä,päällä,{'AdpType': 'Post'},case,"Vaikka olinkin asunut Kadakan torin äärellä Mustanmäellä ja kokeenut suomalaisten läsnäoloa jokapäiväisesti, sekä katsonut silloin tällöin Suomen televisiota, oli ystävällisessä naapurimaassa viikon verran paikan päällä asuminen jotain ihan erinomaista."
126,29,jotain,jokin,"{'Case': 'Par', 'Number': 'Sing', 'PronType': 'Ind'}",det,"Vaikka olinkin asunut Kadakan torin äärellä Mustanmäellä ja kokeenut suomalaisten läsnäoloa jokapäiväisesti, sekä katsonut silloin tällöin Suomen televisiota, oli ystävällisessä naapurimaassa viikon verran paikan päällä asuminen jotain ihan erinomaista."
127,30,ihan,ihan,,advmod,"Vaikka olinkin asunut Kadakan torin äärellä Mustanmäellä ja kokeenut suomalaisten läsnäoloa jokapäiväisesti, sekä katsonut silloin tällöin Suomen televisiota, oli ystävällisessä naapurimaassa viikon verran paikan päällä asuminen jotain ihan erinomaista."
128,1,Saman,sama,"{'Case': 'Gen', 'Number': 'Sing', 'PronType': 'Ind'}",det,"Saman jälleensyntymisen tunteen olen kokenut aina, jos olen tullut kotiin mikä tahansa valtakunnasta."
129,2,jälleensyntymisen,jälleensyntyminen,"{'Case': 'Gen', 'Derivation': 'Minen', 'Number': 'Sing'}",nmod:poss,"Saman jälleensyntymisen tunteen olen kokenut aina, jos olen tullut kotiin mikä tahansa valtakunnasta."
130,3,tunteen,tunne,"{'Case': 'Gen', 'Number': 'Sing'}",obj,"Saman jälleensyntymisen tunteen olen kokenut aina, jos olen tullut kotiin mikä tahansa valtakunnasta."
131,4,olen,olla,"{'Mood': 'Ind', 'Number': 'Sing', 'Person': '1', 'Tense': 'Pres', 'VerbForm': 'Fin', 'Voice': 'Act'}",aux,"Saman jälleensyntymisen tunteen olen kokenut aina, jos olen tullut kotiin mikä tahansa valtakunnasta."
132,6,aina,aina,,advmod,"Saman jälleensyntymisen tunteen olen kokenut aina, jos olen tullut kotiin mikä tahansa valtakunnasta."
133,10,tullut,tulla,"{'Case': 'Nom', 'Degree': 'Pos', 'Number': 'Sing', 'PartForm': 'Past', 'VerbForm': 'Part', 'Voice': 'Act'}",advcl,"Saman jälleensyntymisen tunteen olen kokenut aina, jos olen tullut kotiin mikä tahansa valtakunnasta."
134,15,.,.,,punct,"Saman jälleensyntymisen tunteen olen kokenut aina, jos olen tullut kotiin mikä tahansa valtakunnasta."
135,5,kokenut,kokea,"{'Case': 'Nom', 'Degree': 'Pos', 'Number': 'Sing', 'PartForm': 'Past', 'VerbForm': 'Part', 'Voice': 'Act'}",root,"Saman jälleensyntymisen tunteen olen kokenut aina, jos olen tullut kotiin mikä tahansa valtakunnasta."
136,7,",",",",,punct,"Saman jälleensyntymisen tunteen olen kokenut aina, jos olen tullut kotiin mikä tahansa valtakunnasta."
137,8,jos,jos,,mark,"Saman jälleensyntymisen tunteen olen kokenut aina, jos olen tullut kotiin mikä tahansa valtakunnasta."
138,9,olen,olla,"{'Mood': 'Ind', 'Number': 'Sing', 'Person': '1', 'Tense': 'Pres', 'VerbForm': 'Fin', 'Voice': 'Act'}",aux,"Saman jälleensyntymisen tunteen olen kokenut aina, jos olen tullut kotiin mikä tahansa valtakunnasta."
139,11,kotiin,koti,"{'Case': 'Ill', 'Number': 'Sing'}",obl,"Saman jälleensyntymisen tunteen olen kokenut aina, jos olen tullut kotiin mikä tahansa valtakunnasta."
140,12,mikä,mikä,"{'Case': 'Nom', 'Number': 'Sing', 'PronType': 'Int'}",advmod,"Saman jälleensyntymisen tunteen olen kokenut aina, jos olen tullut kotiin mikä tahansa valtakunnasta."
141,14,valtakunnasta,valta#kunta,"{'Case': 'Ela', 'Number': 'Sing'}",obl,"Saman jälleensyntymisen tunteen olen kokenut aina, jos olen tullut kotiin mikä tahansa valtakunnasta."
142,13,tahansa,tahansa,,fixed,"Saman jälleensyntymisen tunteen olen kokenut aina, jos olen tullut kotiin mikä tahansa valtakunnasta."
143,1,Siitä,se,"{'Case': 'Ela', 'Number': 'Sing', 'PronType': 'Dem'}",obl,"Siitä huolimatta olen Suomen lisäksi matkustanut vain Saksaan , Latviaan, Egyptiin, Ruotsiin ja Tanskaan."
144,3,olen,olla,"{'Mood': 'Ind', 'Number': 'Sing', 'Person': '1', 'Tense': 'Pres', 'VerbForm': 'Fin', 'Voice': 'Act'}",aux,"Siitä huolimatta olen Suomen lisäksi matkustanut vain Saksaan , Latviaan, Egyptiin, Ruotsiin ja Tanskaan."
145,4,Suomen,Suomi,"{'Case': 'Gen', 'Number': 'Sing'}",obl,"Siitä huolimatta olen Suomen lisäksi matkustanut vain Saksaan , Latviaan, Egyptiin, Ruotsiin ja Tanskaan."
146,8,Saksaan,Saksa,"{'Case': 'Ill', 'Number': 'Sing'}",obl,"Siitä huolimatta olen Suomen lisäksi matkustanut vain Saksaan , Latviaan, Egyptiin, Ruotsiin ja Tanskaan."
147,17,.,.,,punct,"Siitä huolimatta olen Suomen lisäksi matkustanut vain Saksaan , Latviaan, Egyptiin, Ruotsiin ja Tanskaan."
148,2,huolimatta,huolimatta,{'AdpType': 'Post'},case,"Siitä huolimatta olen Suomen lisäksi matkustanut vain Saksaan , Latviaan, Egyptiin, Ruotsiin ja Tanskaan."
149,5,lisäksi,lisäksi,{'AdpType': 'Post'},case,"Siitä huolimatta olen Suomen lisäksi matkustanut vain Saksaan , Latviaan, Egyptiin, Ruotsiin ja Tanskaan."
150,6,matkustanut,matkustaa,"{'Case': 'Nom', 'Degree': 'Pos', 'Number': 'Sing', 'PartForm': 'Past', 'VerbForm': 'Part', 'Voice': 'Act'}",root,"Siitä huolimatta olen Suomen lisäksi matkustanut vain Saksaan , Latviaan, Egyptiin, Ruotsiin ja Tanskaan."
151,7,vain,vain,,advmod,"Siitä huolimatta olen Suomen lisäksi matkustanut vain Saksaan , Latviaan, Egyptiin, Ruotsiin ja Tanskaan."
152,10,Latviaan,Latvia,"{'Case': 'Ill', 'Number': 'Sing'}",conj,"Siitä huolimatta olen Suomen lisäksi matkustanut vain Saksaan , Latviaan, Egyptiin, Ruotsiin ja Tanskaan."
153,12,Egyptiin,Egypti,"{'Case': 'Ill', 'Number': 'Sing'}",conj,"Siitä huolimatta olen Suomen lisäksi matkustanut vain Saksaan , Latviaan, Egyptiin, Ruotsiin ja Tanskaan."
154,14,Ruotsiin,Ruotsi,"{'Case': 'Ill', 'Number': 'Sing'}",conj,"Siitä huolimatta olen Suomen lisäksi matkustanut vain Saksaan , Latviaan, Egyptiin, Ruotsiin ja Tanskaan."
155,16,Tanskaan,Tanska,"{'Case': 'Ill', 'Number': 'Sing'}",conj,"Siitä huolimatta olen Suomen lisäksi matkustanut vain Saksaan , Latviaan, Egyptiin, Ruotsiin ja Tanskaan."
156,9,",",",",,punct,"Siitä huolimatta olen Suomen lisäksi matkustanut vain Saksaan , Latviaan, Egyptiin, Ruotsiin ja Tanskaan."
157,11,",",",",,punct,"Siitä huolimatta olen Suomen lisäksi matkustanut vain Saksaan , Latviaan, Egyptiin, Ruotsiin ja Tanskaan."
158,13,",",",",,punct,"Siitä huolimatta olen Suomen lisäksi matkustanut vain Saksaan , Latviaan, Egyptiin, Ruotsiin ja Tanskaan."
159,15,ja,ja,,cc,"Siitä huolimatta olen Suomen lisäksi matkustanut vain Saksaan , Latviaan, Egyptiin, Ruotsiin ja Tanskaan."
160,1,Joskus,joskus,,advmod,"Joskus kysyn itseltäni, miksi en matkustaa enemmän, varsinkin jos tiedän, että matkailu sopii minulle erinomaisesti ja hyvällä onnella matkaliputkin voi saada hyvin halvalla hinnalla."
161,3,itseltäni,itseltä,"{'AdpType': 'Post', 'Number[psor]': 'Sing', 'Person[psor]': '1'}",obl,"Joskus kysyn itseltäni, miksi en matkustaa enemmän, varsinkin jos tiedän, että matkailu sopii minulle erinomaisesti ja hyvällä onnella matkaliputkin voi saada hyvin halvalla hinnalla."
162,7,matkustaa,matkustaa,"{'InfForm': '1', 'Number': 'Sing', 'VerbForm': 'Inf', 'Voice': 'Act'}",ccomp,"Joskus kysyn itseltäni, miksi en matkustaa enemmän, varsinkin jos tiedän, että matkailu sopii minulle erinomaisesti ja hyvällä onnella matkaliputkin voi saada hyvin halvalla hinnalla."
163,28,.,.,,punct,"Joskus kysyn itseltäni, miksi en matkustaa enemmän, varsinkin jos tiedän, että matkailu sopii minulle erinomaisesti ja hyvällä onnella matkaliputkin voi saada hyvin halvalla hinnalla."
164,2,kysyn,kysyä,"{'Mood': 'Ind', 'Number': 'Sing', 'Person': '1', 'Tense': 'Pres', 'VerbForm': 'Fin', 'Voice': 'Act'}",root,"Joskus kysyn itseltäni, miksi en matkustaa enemmän, varsinkin jos tiedän, että matkailu sopii minulle erinomaisesti ja hyvällä onnella matkaliputkin voi saada hyvin halvalla hinnalla."
165,4,",",",",,punct,"Joskus kysyn itseltäni, miksi en matkustaa enemmän, varsinkin jos tiedän, että matkailu sopii minulle erinomaisesti ja hyvällä onnella matkaliputkin voi saada hyvin halvalla hinnalla."
166,5,miksi,miksi,,advmod,"Joskus kysyn itseltäni, miksi en matkustaa enemmän, varsinkin jos tiedän, että matkailu sopii minulle erinomaisesti ja hyvällä onnella matkaliputkin voi saada hyvin halvalla hinnalla."
167,6,en,ei,"{'Number': 'Sing', 'Person': '1', 'Polarity': 'Neg', 'VerbForm': 'Fin', 'Voice': 'Act'}",aux,"Joskus kysyn itseltäni, miksi en matkustaa enemmän, varsinkin jos tiedän, että matkailu sopii minulle erinomaisesti ja hyvällä onnella matkaliputkin voi saada hyvin halvalla hinnalla."
168,8,enemmän,enemmän,,advmod,"Joskus kysyn itseltäni, miksi en matkustaa enemmän, varsinkin jos tiedän, että matkailu sopii minulle erinomaisesti ja hyvällä onnella matkaliputkin voi saada hyvin halvalla hinnalla."
169,12,tiedän,tietää,"{'Mood': 'Ind', 'Number': 'Sing', 'Person': '1', 'Tense': 'Pres', 'VerbForm': 'Fin', 'Voice': 'Act'}",advcl,"Joskus kysyn itseltäni, miksi en matkustaa enemmän, varsinkin jos tiedän, että matkailu sopii minulle erinomaisesti ja hyvällä onnella matkaliputkin voi saada hyvin halvalla hinnalla."
170,9,",",",",,punct,"Joskus kysyn itseltäni, miksi en matkustaa enemmän, varsinkin jos tiedän, että matkailu sopii minulle erinomaisesti ja hyvällä onnella matkaliputkin voi saada hyvin halvalla hinnalla."
171,11,jos,jos,,mark,"Joskus kysyn itseltäni, miksi en matkustaa enemmän, varsinkin jos tiedän, että matkailu sopii minulle erinomaisesti ja hyvällä onnella matkaliputkin voi saada hyvin halvalla hinnalla."
172,16,sopii,sopia,"{'Mood': 'Ind', 'Number': 'Sing', 'Person': '3', 'Tense': 'Pres', 'VerbForm': 'Fin', 'Voice': 'Act'}",ccomp,"Joskus kysyn itseltäni, miksi en matkustaa enemmän, varsinkin jos tiedän, että matkailu sopii minulle erinomaisesti ja hyvällä onnella matkaliputkin voi saada hyvin halvalla hinnalla."
173,10,varsinkin,varsinkin,,advmod,"Joskus kysyn itseltäni, miksi en matkustaa enemmän, varsinkin jos tiedän, että matkailu sopii minulle erinomaisesti ja hyvällä onnella matkaliputkin voi saada hyvin halvalla hinnalla."
174,13,",",",",,punct,"Joskus kysyn itseltäni, miksi en matkustaa enemmän, varsinkin jos tiedän, että matkailu sopii minulle erinomaisesti ja hyvällä onnella matkaliputkin voi saada hyvin halvalla hinnalla."
175,14,että,että,,mark,"Joskus kysyn itseltäni, miksi en matkustaa enemmän, varsinkin jos tiedän, että matkailu sopii minulle erinomaisesti ja hyvällä onnella matkaliputkin voi saada hyvin halvalla hinnalla."
176,15,matkailu,matkailu,"{'Case': 'Nom', 'Derivation': 'U', 'Number': 'Sing'}",nsubj,"Joskus kysyn itseltäni, miksi en matkustaa enemmän, varsinkin jos tiedän, että matkailu sopii minulle erinomaisesti ja hyvällä onnella matkaliputkin voi saada hyvin halvalla hinnalla."
177,17,minulle,minä,"{'Case': 'All', 'Number': 'Sing', 'Person': '1', 'PronType': 'Prs'}",obl,"Joskus kysyn itseltäni, miksi en matkustaa enemmän, varsinkin jos tiedän, että matkailu sopii minulle erinomaisesti ja hyvällä onnella matkaliputkin voi saada hyvin halvalla hinnalla."
178,18,erinomaisesti,erinomaisesti,{'Derivation': 'Sti'},advmod,"Joskus kysyn itseltäni, miksi en matkustaa enemmän, varsinkin jos tiedän, että matkailu sopii minulle erinomaisesti ja hyvällä onnella matkaliputkin voi saada hyvin halvalla hinnalla."
179,24,saada,saada,"{'InfForm': '1', 'Number': 'Sing', 'VerbForm': 'Inf', 'Voice': 'Act'}",conj,"Joskus kysyn itseltäni, miksi en matkustaa enemmän, varsinkin jos tiedän, että matkailu sopii minulle erinomaisesti ja hyvällä onnella matkaliputkin voi saada hyvin halvalla hinnalla."
180,19,ja,ja,,cc,"Joskus kysyn itseltäni, miksi en matkustaa enemmän, varsinkin jos tiedän, että matkailu sopii minulle erinomaisesti ja hyvällä onnella matkaliputkin voi saada hyvin halvalla hinnalla."
181,21,onnella,onni,"{'Case': 'Ade', 'Number': 'Sing'}",obl,"Joskus kysyn itseltäni, miksi en matkustaa enemmän, varsinkin jos tiedän, että matkailu sopii minulle erinomaisesti ja hyvällä onnella matkaliputkin voi saada hyvin halvalla hinnalla."
182,22,matkaliputkin,matka#lippu,"{'Case': 'Nom', 'Clitic': 'Kin', 'Number': 'Plur'}",obj,"Joskus kysyn itseltäni, miksi en matkustaa enemmän, varsinkin jos tiedän, että matkailu sopii minulle erinomaisesti ja hyvällä onnella matkaliputkin voi saada hyvin halvalla hinnalla."
183,23,voi,voida,"{'Mood': 'Ind', 'Number': 'Sing', 'Person': '3', 'Tense': 'Pres', 'VerbForm': 'Fin', 'Voice': 'Act'}",aux,"Joskus kysyn itseltäni, miksi en matkustaa enemmän, varsinkin jos tiedän, että matkailu sopii minulle erinomaisesti ja hyvällä onnella matkaliputkin voi saada hyvin halvalla hinnalla."
184,27,hinnalla,hinta,"{'Case': 'Ade', 'Number': 'Sing'}",obl,"Joskus kysyn itseltäni, miksi en matkustaa enemmän, varsinkin jos tiedän, että matkailu sopii minulle erinomaisesti ja hyvällä onnella matkaliputkin voi saada hyvin halvalla hinnalla."
185,20,hyvällä,hyvä,"{'Case': 'Ade', 'Degree': 'Pos', 'Number': 'Sing'}",amod,"Joskus kysyn itseltäni, miksi en matkustaa enemmän, varsinkin jos tiedän, että matkailu sopii minulle erinomaisesti ja hyvällä onnella matkaliputkin voi saada hyvin halvalla hinnalla."
186,25,hyvin,hyvin,,advmod,"Joskus kysyn itseltäni, miksi en matkustaa enemmän, varsinkin jos tiedän, että matkailu sopii minulle erinomaisesti ja hyvällä onnella matkaliputkin voi saada hyvin halvalla hinnalla."
187,26,halvalla,halpa,"{'Case': 'Ade', 'Degree': 'Pos', 'Number': 'Sing'}",amod,"Joskus kysyn itseltäni, miksi en matkustaa enemmän, varsinkin jos tiedän, että matkailu sopii minulle erinomaisesti ja hyvällä onnella matkaliputkin voi saada hyvin halvalla hinnalla."
188,1,Yksi,yksi,"{'Case': 'Nom', 'Number': 'Sing', 'NumType': 'Card'}",nummod,Yksi syy laiskuuden lisäksi ovat lentokoneet.
189,3,laiskuuden,laiskuus,"{'Case': 'Gen', 'Derivation': 'Vs', 'Number': 'Sing'}",nmod,Yksi syy laiskuuden lisäksi ovat lentokoneet.
190,2,syy,syy,"{'Case': 'Nom', 'Number': 'Sing'}",nsubj:cop,Yksi syy laiskuuden lisäksi ovat lentokoneet.
191,5,ovat,olla,"{'Mood': 'Ind', 'Number': 'Plur', 'Person': '3', 'Tense': 'Pres', 'VerbForm': 'Fin', 'Voice': 'Act'}",cop,Yksi syy laiskuuden lisäksi ovat lentokoneet.
192,7,.,.,,punct,Yksi syy laiskuuden lisäksi ovat lentokoneet.
193,4,lisäksi,lisäksi,{'AdpType': 'Post'},case,Yksi syy laiskuuden lisäksi ovat lentokoneet.
194,6,lentokoneet,lento#kone,"{'Case': 'Nom', 'Number': 'Plur'}",root,Yksi syy laiskuuden lisäksi ovat lentokoneet.
195,1,En,ei,"{'Number': 'Sing', 'Person': '1', 'Polarity': 'Neg', 'VerbForm': 'Fin', 'Voice': 'Act'}",aux,"En ole tottunut lentämään ja en ole ihan varma, paraneeko tämä tilanne olleenkaan."
196,2,ole,olla,"{'Connegative': 'Yes', 'Mood': 'Ind', 'Tense': 'Pres', 'VerbForm': 'Fin'}",aux,"En ole tottunut lentämään ja en ole ihan varma, paraneeko tämä tilanne olleenkaan."
197,4,lentämään,lentää,"{'Case': 'Ill', 'InfForm': '3', 'Number': 'Sing', 'VerbForm': 'Inf', 'Voice': 'Act'}",xcomp,"En ole tottunut lentämään ja en ole ihan varma, paraneeko tämä tilanne olleenkaan."
198,9,varma,varma,"{'Case': 'Nom', 'Degree': 'Pos', 'Number': 'Sing'}",conj,"En ole tottunut lentämään ja en ole ihan varma, paraneeko tämä tilanne olleenkaan."
199,15,.,.,,punct,"En ole tottunut lentämään ja en ole ihan varma, paraneeko tämä tilanne olleenkaan."
200,3,tottunut,tottua,"{'Case': 'Nom', 'Degree': 'Pos', 'Number': 'Sing', 'PartForm': 'Past', 'VerbForm': 'Part', 'Voice': 'Act'}",root,"En ole tottunut lentämään ja en ole ihan varma, paraneeko tämä tilanne olleenkaan."
201,5,ja,ja,,cc,"En ole tottunut lentämään ja en ole ihan varma, paraneeko tämä tilanne olleenkaan."
202,6,en,ei,"{'Number': 'Sing', 'Person': '1', 'Polarity': 'Neg', 'VerbForm': 'Fin', 'Voice': 'Act'}",aux,"En ole tottunut lentämään ja en ole ihan varma, paraneeko tämä tilanne olleenkaan."
203,7,ole,olla,"{'Connegative': 'Yes', 'Mood': 'Ind', 'Tense': 'Pres', 'VerbForm': 'Fin'}",cop,"En ole tottunut lentämään ja en ole ihan varma, paraneeko tämä tilanne olleenkaan."
204,8,ihan,ihan,,advmod,"En ole tottunut lentämään ja en ole ihan varma, paraneeko tämä tilanne olleenkaan."
205,11,paraneeko,parata,"{'Clitic': 'Ko', 'Mood': 'Ind', 'Number': 'Sing', 'Person': '3', 'Tense': 'Pres', 'VerbForm': 'Fin', 'Voice': 'Act'}",ccomp,"En ole tottunut lentämään ja en ole ihan varma, paraneeko tämä tilanne olleenkaan."
206,10,",",",",,punct,"En ole tottunut lentämään ja en ole ihan varma, paraneeko tämä tilanne olleenkaan."
207,13,tilanne,tilanne,"{'Case': 'Nom', 'Number': 'Sing'}",nsubj,"En ole tottunut lentämään ja en ole ihan varma, paraneeko tämä tilanne olleenkaan."
208,14,olleenkaan,olleen,{'Clitic': 'Kaan'},advmod,"En ole tottunut lentämään ja en ole ihan varma, paraneeko tämä tilanne olleenkaan."
209,12,tämä,tämä,"{'Case': 'Nom', 'Number': 'Sing', 'PronType': 'Dem'}",det,"En ole tottunut lentämään ja en ole ihan varma, paraneeko tämä tilanne olleenkaan."
210,1,Kaiken,kaikki,"{'Case': 'Gen', 'Number': 'Sing', 'PronType': 'Ind'}",obl,"Kaiken lisäksi saastuttavat lentokoneet luontoa, minkä takia matkailu sinänsä on tietynlainen vaara maapallollemme."
211,4,lentokoneet,lento#kone,"{'Case': 'Nom', 'Number': 'Plur'}",nsubj,"Kaiken lisäksi saastuttavat lentokoneet luontoa, minkä takia matkailu sinänsä on tietynlainen vaara maapallollemme."
212,13,vaara,vaara,"{'Case': 'Nom', 'Number': 'Sing'}",acl:relcl,"Kaiken lisäksi saastuttavat lentokoneet luontoa, minkä takia matkailu sinänsä on tietynlainen vaara maapallollemme."
213,15,.,.,,punct,"Kaiken lisäksi saastuttavat lentokoneet luontoa, minkä takia matkailu sinänsä on tietynlainen vaara maapallollemme."
214,2,lisäksi,lisäksi,{'AdpType': 'Post'},case,"Kaiken lisäksi saastuttavat lentokoneet luontoa, minkä takia matkailu sinänsä on tietynlainen vaara maapallollemme."
215,3,saastuttavat,saastuttaa,"{'Mood': 'Ind', 'Number': 'Plur', 'Person': '3', 'Tense': 'Pres', 'VerbForm': 'Fin', 'Voice': 'Act'}",root,"Kaiken lisäksi saastuttavat lentokoneet luontoa, minkä takia matkailu sinänsä on tietynlainen vaara maapallollemme."
216,5,luontoa,luonto,"{'Case': 'Par', 'Number': 'Sing'}",nmod,"Kaiken lisäksi saastuttavat lentokoneet luontoa, minkä takia matkailu sinänsä on tietynlainen vaara maapallollemme."
217,6,",",",",,punct,"Kaiken lisäksi saastuttavat lentokoneet luontoa, minkä takia matkailu sinänsä on tietynlainen vaara maapallollemme."
218,7,minkä,mikä,"{'Case': 'Gen', 'Number': 'Sing', 'PronType': 'Rel'}",obl,"Kaiken lisäksi saastuttavat lentokoneet luontoa, minkä takia matkailu sinänsä on tietynlainen vaara maapallollemme."
219,9,matkailu,matkailu,"{'Case': 'Nom', 'Derivation': 'U', 'Number': 'Sing'}",nsubj:cop,"Kaiken lisäksi saastuttavat lentokoneet luontoa, minkä takia matkailu sinänsä on tietynlainen vaara maapallollemme."
220,10,sinänsä,sinänsä,,advmod,"Kaiken lisäksi saastuttavat lentokoneet luontoa, minkä takia matkailu sinänsä on tietynlainen vaara maapallollemme."
221,11,on,olla,"{'Mood': 'Ind', 'Number': 'Sing', 'Person': '3', 'Tense': 'Pres', 'VerbForm': 'Fin', 'Voice': 'Act'}",cop,"Kaiken lisäksi saastuttavat lentokoneet luontoa, minkä takia matkailu sinänsä on tietynlainen vaara maapallollemme."
222,12,tietynlainen,tietynlainen,"{'Case': 'Nom', 'Degree': 'Pos', 'Derivation': 'Lainen', 'Number': 'Sing'}",amod,"Kaiken lisäksi saastuttavat lentokoneet luontoa, minkä takia matkailu sinänsä on tietynlainen vaara maapallollemme."
223,14,maapallollemme,maa#pallo,"{'Case': 'Ine', 'Number': 'Sing', 'Number[psor]': 'Plur', 'Person[psor]': '1'}",nmod,"Kaiken lisäksi saastuttavat lentokoneet luontoa, minkä takia matkailu sinänsä on tietynlainen vaara maapallollemme."
224,8,takia,takia,{'AdpType': 'Post'},case,"Kaiken lisäksi saastuttavat lentokoneet luontoa, minkä takia matkailu sinänsä on tietynlainen vaara maapallollemme."
225,1,Näin,näin,,advmod,Näin ollen on lentomatkan suunnitelu minulle aina ollut ristiriitaista taistelua itseni kanssa.
226,3,on,olla,"{'Mood': 'Ind', 'Number': 'Sing', 'Person': '3', 'Tense': 'Pres', 'VerbForm': 'Fin', 'Voice': 'Act'}",aux,Näin ollen on lentomatkan suunnitelu minulle aina ollut ristiriitaista taistelua itseni kanssa.
227,5,suunnitelu,suunnitelu,"{'Case': 'Nom', 'Derivation': 'U', 'Number': 'Sing'}",nsubj:cop,Näin ollen on lentomatkan suunnitelu minulle aina ollut ristiriitaista taistelua itseni kanssa.
228,6,minulle,minä,"{'Case': 'All', 'Number': 'Sing', 'Person': '1', 'PronType': 'Prs'}",obl,Näin ollen on lentomatkan suunnitelu minulle aina ollut ristiriitaista taistelua itseni kanssa.
229,7,aina,aina,,advmod,Näin ollen on lentomatkan suunnitelu minulle aina ollut ristiriitaista taistelua itseni kanssa.
230,8,ollut,olla,"{'Case': 'Nom', 'Degree': 'Pos', 'Number': 'Sing', 'PartForm': 'Past', 'VerbForm': 'Part', 'Voice': 'Act'}",cop,Näin ollen on lentomatkan suunnitelu minulle aina ollut ristiriitaista taistelua itseni kanssa.
231,9,ristiriitaista,risti#riitainen,"{'Case': 'Par', 'Degree': 'Pos', 'Derivation': 'Inen', 'Number': 'Sing'}",amod,Näin ollen on lentomatkan suunnitelu minulle aina ollut ristiriitaista taistelua itseni kanssa.
232,11,itseni,itse,"{'Case': 'Gen', 'Number': 'Sing', 'Number[psor]': 'Sing', 'Person[psor]': '1', 'Reflex': 'Yes'}",nmod,Näin ollen on lentomatkan suunnitelu minulle aina ollut ristiriitaista taistelua itseni kanssa.
233,13,.,.,,punct,Näin ollen on lentomatkan suunnitelu minulle aina ollut ristiriitaista taistelua itseni kanssa.
234,2,ollen,ollen,,fixed,Näin ollen on lentomatkan suunnitelu minulle aina ollut ristiriitaista taistelua itseni kanssa.
235,4,lentomatkan,lento#matka,"{'Case': 'Gen', 'Number': 'Sing'}",nmod:gobj,Näin ollen on lentomatkan suunnitelu minulle aina ollut ristiriitaista taistelua itseni kanssa.
236,10,taistelua,taistelu,"{'Case': 'Par', 'Derivation': 'U', 'Number': 'Sing'}",root,Näin ollen on lentomatkan suunnitelu minulle aina ollut ristiriitaista taistelua itseni kanssa.
237,12,kanssa,kanssa,{'AdpType': 'Post'},case,Näin ollen on lentomatkan suunnitelu minulle aina ollut ristiriitaista taistelua itseni kanssa.
238,1,Tiedän,tietää,"{'Mood': 'Ind', 'Number': 'Sing', 'Person': '1', 'Tense': 'Pres', 'VerbForm': 'Fin', 'Voice': 'Act'}",root,"Tiedän jo etukäteen, että tulen eksymään lentokentalla - esimerkiksi jos se on kaksiosainen niin kuin Münchenissa tai jos lento myöhästyy."
239,2,jo,jo,,advmod,"Tiedän jo etukäteen, että tulen eksymään lentokentalla - esimerkiksi jos se on kaksiosainen niin kuin Münchenissa tai jos lento myöhästyy."
240,3,etukäteen,etu#käteen,,advmod,"Tiedän jo etukäteen, että tulen eksymään lentokentalla - esimerkiksi jos se on kaksiosainen niin kuin Münchenissa tai jos lento myöhästyy."
241,6,tulen,tulla,"{'Mood': 'Ind', 'Number': 'Sing', 'Person': '1', 'Tense': 'Pres', 'VerbForm': 'Fin', 'Voice': 'Act'}",ccomp,"Tiedän jo etukäteen, että tulen eksymään lentokentalla - esimerkiksi jos se on kaksiosainen niin kuin Münchenissa tai jos lento myöhästyy."
242,22,.,.,,punct,"Tiedän jo etukäteen, että tulen eksymään lentokentalla - esimerkiksi jos se on kaksiosainen niin kuin Münchenissa tai jos lento myöhästyy."
243,4,",",",",,punct,"Tiedän jo etukäteen, että tulen eksymään lentokentalla - esimerkiksi jos se on kaksiosainen niin kuin Münchenissa tai jos lento myöhästyy."
244,5,että,että,,mark,"Tiedän jo etukäteen, että tulen eksymään lentokentalla - esimerkiksi jos se on kaksiosainen niin kuin Münchenissa tai jos lento myöhästyy."
245,7,eksymään,eksyä,"{'Case': 'Ill', 'InfForm': '3', 'Number': 'Sing', 'VerbForm': 'Inf', 'Voice': 'Act'}",xcomp,"Tiedän jo etukäteen, että tulen eksymään lentokentalla - esimerkiksi jos se on kaksiosainen niin kuin Münchenissa tai jos lento myöhästyy."
246,14,kaksiosainen,kaksi#osainen,"{'Case': 'Nom', 'Degree': 'Pos', 'Derivation': 'Inen', 'Number': 'Sing'}",advcl,"Tiedän jo etukäteen, että tulen eksymään lentokentalla - esimerkiksi jos se on kaksiosainen niin kuin Münchenissa tai jos lento myöhästyy."
247,8,lentokentalla,lento#kentta,"{'Case': 'Ade', 'Number': 'Sing'}",obl,"Tiedän jo etukäteen, että tulen eksymään lentokentalla - esimerkiksi jos se on kaksiosainen niin kuin Münchenissa tai jos lento myöhästyy."
248,9,-,-,,punct,"Tiedän jo etukäteen, että tulen eksymään lentokentalla - esimerkiksi jos se on kaksiosainen niin kuin Münchenissa tai jos lento myöhästyy."
249,11,jos,jos,,mark,"Tiedän jo etukäteen, että tulen eksymään lentokentalla - esimerkiksi jos se on kaksiosainen niin kuin Münchenissa tai jos lento myöhästyy."
250,12,se,se,"{'Case': 'Nom', 'Number': 'Sing', 'PronType': 'Dem'}",nsubj:cop,"Tiedän jo etukäteen, että tulen eksymään lentokentalla - esimerkiksi jos se on kaksiosainen niin kuin Münchenissa tai jos lento myöhästyy."
251,13,on,olla,"{'Mood': 'Ind', 'Number': 'Sing', 'Person': '3', 'Tense': 'Pres', 'VerbForm': 'Fin', 'Voice': 'Act'}",cop,"Tiedän jo etukäteen, että tulen eksymään lentokentalla - esimerkiksi jos se on kaksiosainen niin kuin Münchenissa tai jos lento myöhästyy."
252,15,niin,niin,,advmod,"Tiedän jo etukäteen, että tulen eksymään lentokentalla - esimerkiksi jos se on kaksiosainen niin kuin Münchenissa tai jos lento myöhästyy."
253,21,myöhästyy,myöhästyä,"{'Mood': 'Ind', 'Number': 'Sing', 'Person': '3', 'Tense': 'Pres', 'VerbForm': 'Fin', 'Voice': 'Act'}",conj,"Tiedän jo etukäteen, että tulen eksymään lentokentalla - esimerkiksi jos se on kaksiosainen niin kuin Münchenissa tai jos lento myöhästyy."
254,10,esimerkiksi,esimerkiksi,,advmod,"Tiedän jo etukäteen, että tulen eksymään lentokentalla - esimerkiksi jos se on kaksiosainen niin kuin Münchenissa tai jos lento myöhästyy."
255,16,kuin,kuin,,mark,"Tiedän jo etukäteen, että tulen eksymään lentokentalla - esimerkiksi jos se on kaksiosainen niin kuin Münchenissa tai jos lento myöhästyy."
256,17,Münchenissa,München,"{'Case': 'Ine', 'Number': 'Sing'}",advcl,"Tiedän jo etukäteen, että tulen eksymään lentokentalla - esimerkiksi jos se on kaksiosainen niin kuin Münchenissa tai jos lento myöhästyy."
257,18,tai,tai,,cc,"Tiedän jo etukäteen, että tulen eksymään lentokentalla - esimerkiksi jos se on kaksiosainen niin kuin Münchenissa tai jos lento myöhästyy."
258,19,jos,jos,,mark,"Tiedän jo etukäteen, että tulen eksymään lentokentalla - esimerkiksi jos se on kaksiosainen niin kuin Münchenissa tai jos lento myöhästyy."
259,20,lento,lento,"{'Case': 'Nom', 'Number': 'Sing'}",nsubj,"Tiedän jo etukäteen, että tulen eksymään lentokentalla - esimerkiksi jos se on kaksiosainen niin kuin Münchenissa tai jos lento myöhästyy."
260,1,Sellaisen,sellainen,"{'Case': 'Gen', 'Degree': 'Pos', 'Derivation': 'Lainen', 'Number': 'Sing'}",amod,Sellaisen matkan jälkeen tunteeni ovat sekavia ja uudeleensyntymisen tunnelma joutuu taistelemaan matkaväsymyksen kanssa.
261,3,jälkeen,jälkeen,{'AdpType': 'Post'},case,Sellaisen matkan jälkeen tunteeni ovat sekavia ja uudeleensyntymisen tunnelma joutuu taistelemaan matkaväsymyksen kanssa.
262,2,matkan,matka,"{'Case': 'Gen', 'Number': 'Sing'}",obl,Sellaisen matkan jälkeen tunteeni ovat sekavia ja uudeleensyntymisen tunnelma joutuu taistelemaan matkaväsymyksen kanssa.
263,4,tunteeni,tunne,"{'Case': 'Nom', 'Number': 'Plur', 'Number[psor]': 'Sing', 'Person[psor]': '1'}",nsubj:cop,Sellaisen matkan jälkeen tunteeni ovat sekavia ja uudeleensyntymisen tunnelma joutuu taistelemaan matkaväsymyksen kanssa.
264,5,ovat,olla,"{'Mood': 'Ind', 'Number': 'Plur', 'Person': '3', 'Tense': 'Pres', 'VerbForm': 'Fin', 'Voice': 'Act'}",cop,Sellaisen matkan jälkeen tunteeni ovat sekavia ja uudeleensyntymisen tunnelma joutuu taistelemaan matkaväsymyksen kanssa.
265,11,taistelemaan,taistella,"{'Case': 'Ill', 'InfForm': '3', 'Number': 'Sing', 'VerbForm': 'Inf', 'Voice': 'Act'}",conj,Sellaisen matkan jälkeen tunteeni ovat sekavia ja uudeleensyntymisen tunnelma joutuu taistelemaan matkaväsymyksen kanssa.
266,14,.,.,,punct,Sellaisen matkan jälkeen tunteeni ovat sekavia ja uudeleensyntymisen tunnelma joutuu taistelemaan matkaväsymyksen kanssa.
267,6,sekavia,sekava,"{'Case': 'Par', 'Degree': 'Pos', 'Number': 'Plur'}",root,Sellaisen matkan jälkeen tunteeni ovat sekavia ja uudeleensyntymisen tunnelma joutuu taistelemaan matkaväsymyksen kanssa.
268,7,ja,ja,,cc,Sellaisen matkan jälkeen tunteeni ovat sekavia ja uudeleensyntymisen tunnelma joutuu taistelemaan matkaväsymyksen kanssa.
269,9,tunnelma,tunnelma,"{'Case': 'Nom', 'Number': 'Sing'}",nsubj,Sellaisen matkan jälkeen tunteeni ovat sekavia ja uudeleensyntymisen tunnelma joutuu taistelemaan matkaväsymyksen kanssa.
270,10,joutuu,joutua,"{'Mood': 'Ind', 'Number': 'Sing', 'Person': '3', 'Tense': 'Pres', 'VerbForm': 'Fin', 'Voice': 'Act'}",aux,Sellaisen matkan jälkeen tunteeni ovat sekavia ja uudeleensyntymisen tunnelma joutuu taistelemaan matkaväsymyksen kanssa.
271,12,matkaväsymyksen,matka#väsymys,"{'Case': 'Gen', 'Number': 'Sing'}",obl,Sellaisen matkan jälkeen tunteeni ovat sekavia ja uudeleensyntymisen tunnelma joutuu taistelemaan matkaväsymyksen kanssa.
272,8,uudeleensyntymisen,uudeleen#syntyminen,"{'Case': 'Gen', 'Derivation': 'Minen', 'Number': 'Sing'}",nmod:poss,Sellaisen matkan jälkeen tunteeni ovat sekavia ja uudeleensyntymisen tunnelma joutuu taistelemaan matkaväsymyksen kanssa.
273,13,kanssa,kanssa,{'AdpType': 'Post'},case,Sellaisen matkan jälkeen tunteeni ovat sekavia ja uudeleensyntymisen tunnelma joutuu taistelemaan matkaväsymyksen kanssa.
274,1,Siitä,se,"{'Case': 'Ela', 'Number': 'Sing', 'PronType': 'Dem'}",obl,"Siitä kaikkea huolimatta olen viime vuonna ahkerasti matkustanut … Suomeen, tietysti."
275,2,kaikkea,kaikki,"{'Case': 'Par', 'Number': 'Sing', 'PronType': 'Ind'}",obl,"Siitä kaikkea huolimatta olen viime vuonna ahkerasti matkustanut … Suomeen, tietysti."
276,4,olen,olla,"{'Mood': 'Ind', 'Number': 'Sing', 'Person': '1', 'Tense': 'Pres', 'VerbForm': 'Fin', 'Voice': 'Act'}",aux,"Siitä kaikkea huolimatta olen viime vuonna ahkerasti matkustanut … Suomeen, tietysti."
277,6,vuonna,vuosi,"{'Case': 'Ess', 'Number': 'Sing'}",obl,"Siitä kaikkea huolimatta olen viime vuonna ahkerasti matkustanut … Suomeen, tietysti."
278,7,ahkerasti,ahkerasti,{'Derivation': 'Sti'},advmod,"Siitä kaikkea huolimatta olen viime vuonna ahkerasti matkustanut … Suomeen, tietysti."
279,9,…,…,,punct,"Siitä kaikkea huolimatta olen viime vuonna ahkerasti matkustanut … Suomeen, tietysti."
280,10,Suomeen,Suomi,"{'Case': 'Ill', 'Number': 'Sing'}",obl,"Siitä kaikkea huolimatta olen viime vuonna ahkerasti matkustanut … Suomeen, tietysti."
281,13,.,.,,punct,"Siitä kaikkea huolimatta olen viime vuonna ahkerasti matkustanut … Suomeen, tietysti."
282,3,huolimatta,huolimatta,{'AdpType': 'Post'},case,"Siitä kaikkea huolimatta olen viime vuonna ahkerasti matkustanut … Suomeen, tietysti."
283,5,viime,viime,,amod,"Siitä kaikkea huolimatta olen viime vuonna ahkerasti matkustanut … Suomeen, tietysti."
284,8,matkustanut,matkustaa,"{'Case': 'Nom', 'Degree': 'Pos', 'Number': 'Sing', 'PartForm': 'Past', 'VerbForm': 'Part', 'Voice': 'Act'}",root,"Siitä kaikkea huolimatta olen viime vuonna ahkerasti matkustanut … Suomeen, tietysti."
285,11,",",",",,punct,"Siitä kaikkea huolimatta olen viime vuonna ahkerasti matkustanut … Suomeen, tietysti."
286,12,tietysti,tietysti,{'Derivation': 'Sti'},advmod,"Siitä kaikkea huolimatta olen viime vuonna ahkerasti matkustanut … Suomeen, tietysti."
287,1,Jos,jos,,mark,"Jos unohdan kokonaan, että risteilijätkin ovat ilmaston näkökulmasta saastattelijoita; onnistun ostamaan halvan laivalipun ja pitän mielessäni, että paljon hyvää Suomessa on vielä näkemättä; seikkailuni voi alkaa."
288,3,kokonaan,kokonaan,,advmod,"Jos unohdan kokonaan, että risteilijätkin ovat ilmaston näkökulmasta saastattelijoita; onnistun ostamaan halvan laivalipun ja pitän mielessäni, että paljon hyvää Suomessa on vielä näkemättä; seikkailuni voi alkaa."
289,10,saastattelijoita,saastattelija,"{'Case': 'Par', 'Derivation': 'Ja', 'Number': 'Plur'}",ccomp,"Jos unohdan kokonaan, että risteilijätkin ovat ilmaston näkökulmasta saastattelijoita; onnistun ostamaan halvan laivalipun ja pitän mielessäni, että paljon hyvää Suomessa on vielä näkemättä; seikkailuni voi alkaa."
290,2,unohdan,unohtaa,"{'Mood': 'Ind', 'Number': 'Sing', 'Person': '1', 'Tense': 'Pres', 'VerbForm': 'Fin', 'Voice': 'Act'}",advcl,"Jos unohdan kokonaan, että risteilijätkin ovat ilmaston näkökulmasta saastattelijoita; onnistun ostamaan halvan laivalipun ja pitän mielessäni, että paljon hyvää Suomessa on vielä näkemättä; seikkailuni voi alkaa."
291,13,ostamaan,ostaa,"{'Case': 'Ill', 'InfForm': '3', 'Number': 'Sing', 'VerbForm': 'Inf', 'Voice': 'Act'}",xcomp,"Jos unohdan kokonaan, että risteilijätkin ovat ilmaston näkökulmasta saastattelijoita; onnistun ostamaan halvan laivalipun ja pitän mielessäni, että paljon hyvää Suomessa on vielä näkemättä; seikkailuni voi alkaa."
292,17,pitän,pitää,"{'Mood': 'Ind', 'Number': 'Sing', 'Person': '1', 'Tense': 'Pres', 'VerbForm': 'Fin', 'Voice': 'Act'}",conj,"Jos unohdan kokonaan, että risteilijätkin ovat ilmaston näkökulmasta saastattelijoita; onnistun ostamaan halvan laivalipun ja pitän mielessäni, että paljon hyvää Suomessa on vielä näkemättä; seikkailuni voi alkaa."
293,30,alkaa,alkaa,"{'InfForm': '1', 'Number': 'Sing', 'VerbForm': 'Inf', 'Voice': 'Act'}",parataxis,"Jos unohdan kokonaan, että risteilijätkin ovat ilmaston näkökulmasta saastattelijoita; onnistun ostamaan halvan laivalipun ja pitän mielessäni, että paljon hyvää Suomessa on vielä näkemättä; seikkailuni voi alkaa."
294,31,.,.,,punct,"Jos unohdan kokonaan, että risteilijätkin ovat ilmaston näkökulmasta saastattelijoita; onnistun ostamaan halvan laivalipun ja pitän mielessäni, että paljon hyvää Suomessa on vielä näkemättä; seikkailuni voi alkaa."
295,4,",",",",,punct,"Jos unohdan kokonaan, että risteilijätkin ovat ilmaston näkökulmasta saastattelijoita; onnistun ostamaan halvan laivalipun ja pitän mielessäni, että paljon hyvää Suomessa on vielä näkemättä; seikkailuni voi alkaa."
296,5,että,että,,mark,"Jos unohdan kokonaan, että risteilijätkin ovat ilmaston näkökulmasta saastattelijoita; onnistun ostamaan halvan laivalipun ja pitän mielessäni, että paljon hyvää Suomessa on vielä näkemättä; seikkailuni voi alkaa."
297,6,risteilijätkin,risteilijä,"{'Case': 'Nom', 'Clitic': 'Kin', 'Number': 'Plur'}",nsubj:cop,"Jos unohdan kokonaan, että risteilijätkin ovat ilmaston näkökulmasta saastattelijoita; onnistun ostamaan halvan laivalipun ja pitän mielessäni, että paljon hyvää Suomessa on vielä näkemättä; seikkailuni voi alkaa."
298,7,ovat,olla,"{'Mood': 'Ind', 'Number': 'Plur', 'Person': '3', 'Tense': 'Pres', 'VerbForm': 'Fin', 'Voice': 'Act'}",cop,"Jos unohdan kokonaan, että risteilijätkin ovat ilmaston näkökulmasta saastattelijoita; onnistun ostamaan halvan laivalipun ja pitän mielessäni, että paljon hyvää Suomessa on vielä näkemättä; seikkailuni voi alkaa."
299,9,näkökulmasta,näkö#kulma,"{'Case': 'Ela', 'Number': 'Sing'}",obl,"Jos unohdan kokonaan, että risteilijätkin ovat ilmaston näkökulmasta saastattelijoita; onnistun ostamaan halvan laivalipun ja pitän mielessäni, että paljon hyvää Suomessa on vielä näkemättä; seikkailuni voi alkaa."
300,11,;,;,,punct,"Jos unohdan kokonaan, että risteilijätkin ovat ilmaston näkökulmasta saastattelijoita; onnistun ostamaan halvan laivalipun ja pitän mielessäni, että paljon hyvää Suomessa on vielä näkemättä; seikkailuni voi alkaa."
301,8,ilmaston,ilmasto,"{'Case': 'Gen', 'Number': 'Sing'}",nmod:poss,"Jos unohdan kokonaan, että risteilijätkin ovat ilmaston näkökulmasta saastattelijoita; onnistun ostamaan halvan laivalipun ja pitän mielessäni, että paljon hyvää Suomessa on vielä näkemättä; seikkailuni voi alkaa."
302,12,onnistun,onnistua,"{'Mood': 'Ind', 'Number': 'Sing', 'Person': '1', 'Tense': 'Pres', 'VerbForm': 'Fin', 'Voice': 'Act'}",root,"Jos unohdan kokonaan, että risteilijätkin ovat ilmaston näkökulmasta saastattelijoita; onnistun ostamaan halvan laivalipun ja pitän mielessäni, että paljon hyvää Suomessa on vielä näkemättä; seikkailuni voi alkaa."
303,14,halvan,halpa,"{'Case': 'Gen', 'Degree': 'Pos', 'Number': 'Sing'}",amod,"Jos unohdan kokonaan, että risteilijätkin ovat ilmaston näkökulmasta saastattelijoita; onnistun ostamaan halvan laivalipun ja pitän mielessäni, että paljon hyvää Suomessa on vielä näkemättä; seikkailuni voi alkaa."
304,15,laivalipun,laiva#lippu,"{'Case': 'Gen', 'Number': 'Sing'}",obj,"Jos unohdan kokonaan, että risteilijätkin ovat ilmaston näkökulmasta saastattelijoita; onnistun ostamaan halvan laivalipun ja pitän mielessäni, että paljon hyvää Suomessa on vielä näkemättä; seikkailuni voi alkaa."
305,16,ja,ja,,cc,"Jos unohdan kokonaan, että risteilijätkin ovat ilmaston näkökulmasta saastattelijoita; onnistun ostamaan halvan laivalipun ja pitän mielessäni, että paljon hyvää Suomessa on vielä näkemättä; seikkailuni voi alkaa."
306,18,mielessäni,mieli,"{'Case': 'Ine', 'Number': 'Sing', 'Number[psor]': 'Sing', 'Person[psor]': '1'}",obl,"Jos unohdan kokonaan, että risteilijätkin ovat ilmaston näkökulmasta saastattelijoita; onnistun ostamaan halvan laivalipun ja pitän mielessäni, että paljon hyvää Suomessa on vielä näkemättä; seikkailuni voi alkaa."
307,26,näkemättä,nähdä,"{'Case': 'Abe', 'InfForm': '3', 'Number': 'Sing', 'VerbForm': 'Inf', 'Voice': 'Act'}",ccomp,"Jos unohdan kokonaan, että risteilijätkin ovat ilmaston näkökulmasta saastattelijoita; onnistun ostamaan halvan laivalipun ja pitän mielessäni, että paljon hyvää Suomessa on vielä näkemättä; seikkailuni voi alkaa."
308,19,",",",",,punct,"Jos unohdan kokonaan, että risteilijätkin ovat ilmaston näkökulmasta saastattelijoita; onnistun ostamaan halvan laivalipun ja pitän mielessäni, että paljon hyvää Suomessa on vielä näkemättä; seikkailuni voi alkaa."
309,22,hyvää,hyvä,"{'Case': 'Par', 'Degree': 'Pos', 'Number': 'Sing'}",obj,"Jos unohdan kokonaan, että risteilijätkin ovat ilmaston näkökulmasta saastattelijoita; onnistun ostamaan halvan laivalipun ja pitän mielessäni, että paljon hyvää Suomessa on vielä näkemättä; seikkailuni voi alkaa."
310,23,Suomessa,Suomi,"{'Case': 'Ine', 'Number': 'Sing'}",obl,"Jos unohdan kokonaan, että risteilijätkin ovat ilmaston näkökulmasta saastattelijoita; onnistun ostamaan halvan laivalipun ja pitän mielessäni, että paljon hyvää Suomessa on vielä näkemättä; seikkailuni voi alkaa."
311,24,on,olla,"{'Mood': 'Ind', 'Number': 'Sing', 'Person': '3', 'Tense': 'Pres', 'VerbForm': 'Fin', 'Voice': 'Act'}",aux,"Jos unohdan kokonaan, että risteilijätkin ovat ilmaston näkökulmasta saastattelijoita; onnistun ostamaan halvan laivalipun ja pitän mielessäni, että paljon hyvää Suomessa on vielä näkemättä; seikkailuni voi alkaa."
312,25,vielä,vielä,,advmod,"Jos unohdan kokonaan, että risteilijätkin ovat ilmaston näkökulmasta saastattelijoita; onnistun ostamaan halvan laivalipun ja pitän mielessäni, että paljon hyvää Suomessa on vielä näkemättä; seikkailuni voi alkaa."
313,20,että,että,,mark,"Jos unohdan kokonaan, että risteilijätkin ovat ilmaston näkökulmasta saastattelijoita; onnistun ostamaan halvan laivalipun ja pitän mielessäni, että paljon hyvää Suomessa on vielä näkemättä; seikkailuni voi alkaa."
314,27,;,;,,punct,"Jos unohdan kokonaan, että risteilijätkin ovat ilmaston näkökulmasta saastattelijoita; onnistun ostamaan halvan laivalipun ja pitän mielessäni, että paljon hyvää Suomessa on vielä näkemättä; seikkailuni voi alkaa."
315,21,paljon,paljon,,advmod,"Jos unohdan kokonaan, että risteilijätkin ovat ilmaston näkökulmasta saastattelijoita; onnistun ostamaan halvan laivalipun ja pitän mielessäni, että paljon hyvää Suomessa on vielä näkemättä; seikkailuni voi alkaa."
316,28,seikkailuni,seikkailu,"{'Case': 'Nom', 'Number': 'Sing', 'Number[psor]': 'Sing', 'Person[psor]': '1'}",nsubj,"Jos unohdan kokonaan, että risteilijätkin ovat ilmaston näkökulmasta saastattelijoita; onnistun ostamaan halvan laivalipun ja pitän mielessäni, että paljon hyvää Suomessa on vielä näkemättä; seikkailuni voi alkaa."
317,29,voi,voida,"{'Mood': 'Ind', 'Number': 'Sing', 'Person': '3', 'Tense': 'Pres', 'VerbForm': 'Fin', 'Voice': 'Act'}",aux,"Jos unohdan kokonaan, että risteilijätkin ovat ilmaston näkökulmasta saastattelijoita; onnistun ostamaan halvan laivalipun ja pitän mielessäni, että paljon hyvää Suomessa on vielä näkemättä; seikkailuni voi alkaa."
